"id","hp","wt","pred"
1,200,2.5,21.2037476450093
2,150,1.9,24.7491059161635
3,188,3.2,18.9719434137094
